,Gender,Married,Education,Self_Employed,ApplicantIncome,CoapplicantIncome,LoanAmount,Loan_Amount_Term,Credit_History,Property_Area,eligible,Singleton,Small_Family,Large_Family,total_income,debt_income_ratio
0,1,0,0,0,5849,0.0,128,360,1,2,1,0,0,0,5849,45
1,1,1,0,0,4583,1508.0,128,360,1,0,1,1,0,0,6091,47
2,1,1,0,1,3000,0.0,66,360,1,2,1,0,0,0,3000,45
3,1,1,1,0,2583,2358.0,120,360,1,2,1,0,0,0,4941,41
4,1,0,0,0,6000,0.0,141,360,1,2,1,0,0,0,6000,42
5,1,1,0,1,5417,4196.0,267,360,1,2,1,0,1,0,9613,36
6,1,1,1,0,2333,1516.0,95,360,1,2,1,0,0,0,3849,40
7,1,1,0,0,3036,2504.0,158,360,0,1,1,0,0,1,5540,35
8,1,1,0,0,4006,1526.0,168,360,1,2,0,0,1,0,5532,32
9,1,1,0,0,12841,10968.0,349,360,1,1,1,1,0,0,23809,68
10,1,1,0,0,3200,700.0,70,360,1,2,1,0,1,0,3900,55
11,1,1,0,0,2500,1840.0,109,360,1,2,1,0,1,0,4340,39
12,1,1,0,0,3073,8106.0,200,360,1,2,1,0,1,0,11179,55
13,1,0,0,0,1853,2840.0,114,360,1,0,1,0,0,0,4693,41
14,1,1,0,0,1299,1086.0,17,120,1,2,1,0,1,0,2385,140
15,1,0,0,0,4950,0.0,125,360,1,2,1,0,0,0,4950,39
16,1,0,1,0,3596,0.0,100,240,2,2,0,1,0,0,3596,35
17,0,0,0,0,3510,0.0,76,360,0,2,1,0,0,0,3510,46
18,1,1,1,0,4887,0.0,133,360,1,0,1,0,0,0,4887,36
19,1,1,0,0,2600,3500.0,115,360,1,2,1,0,0,0,6100,53
20,1,1,1,0,7660,0.0,104,360,0,2,1,0,0,0,7660,73
21,1,1,0,0,5955,5625.0,315,360,1,2,1,1,0,0,11580,36
22,1,1,1,0,2600,1911.0,116,360,0,1,1,0,0,0,4511,38
23,1,1,1,0,3365,1917.0,112,360,0,0,1,0,1,0,5282,47
24,1,1,0,0,3717,2925.0,151,360,2,1,1,1,0,0,6642,43
25,1,1,0,1,9560,0.0,191,360,1,1,1,0,0,0,9560,50
26,1,1,0,0,2799,2253.0,122,360,1,1,1,0,0,0,5052,41
27,1,1,1,0,4226,1040.0,110,360,1,2,1,0,1,0,5266,47
28,1,0,1,0,1442,0.0,35,360,1,2,1,0,0,0,1442,41
29,0,0,0,0,3750,2083.0,120,360,1,1,1,0,1,0,5833,48
30,1,1,0,0,4166,3369.0,201,360,2,2,1,1,0,0,7535,37
31,1,0,0,0,3167,0.0,74,360,1,2,1,0,0,0,3167,42
32,1,0,0,1,4692,0.0,106,360,1,0,1,1,0,0,4692,44
33,1,1,0,0,3500,1667.0,114,360,1,1,1,0,0,0,5167,45
34,1,0,0,0,12500,3000.0,320,360,1,0,1,0,0,1,15500,48
35,1,1,0,0,2275,2067.0,128,360,1,2,1,0,0,0,4342,33
36,1,1,0,0,1828,1330.0,100,360,0,2,0,0,0,0,3158,31
37,0,1,0,0,3667,1459.0,144,360,1,1,1,0,0,0,5126,35
38,1,0,0,0,4166,7210.0,184,360,1,2,1,0,0,0,11376,61
39,1,0,1,0,3748,1668.0,110,360,1,1,1,0,0,0,5416,49
40,1,0,0,0,3600,0.0,80,360,1,2,1,0,0,0,3600,45
41,1,0,0,0,1800,1213.0,47,360,1,2,1,0,0,0,3013,64
42,1,1,0,0,2400,0.0,75,360,2,2,0,0,0,0,2400,32
43,1,1,0,0,3941,2336.0,134,360,1,1,1,0,0,0,6277,46
44,1,1,1,1,4695,0.0,96,360,1,2,1,0,0,0,4695,48
45,0,0,0,0,3410,0.0,88,360,1,2,1,0,0,0,3410,38
46,1,1,0,0,5649,0.0,44,360,1,2,1,1,0,0,5649,128
47,1,1,0,0,5821,0.0,144,360,1,2,1,0,0,0,5821,40
48,0,1,0,0,2645,3440.0,120,360,0,2,1,0,0,0,6085,50
49,0,0,0,0,4000,2275.0,144,360,1,1,1,0,0,0,6275,43
50,0,1,1,0,1928,1644.0,100,360,1,1,1,0,0,0,3572,35
51,0,0,0,0,3086,0.0,120,360,1,1,0,0,0,0,3086,25
52,0,0,0,0,4230,0.0,112,360,1,1,1,0,0,0,4230,37
53,1,1,0,0,4616,0.0,134,360,1,2,1,0,1,0,4616,34
54,0,1,0,1,11500,0.0,286,360,0,2,1,1,0,0,11500,40
55,1,1,0,0,2708,1167.0,97,360,1,1,1,0,1,0,3875,39
56,1,1,0,0,2132,1591.0,96,360,1,1,1,0,0,0,3723,38
57,1,1,0,0,3366,2200.0,135,360,1,0,1,0,0,0,5566,41
58,1,1,0,0,8080,2250.0,180,360,1,2,1,1,0,0,10330,57
59,1,1,1,0,3357,2859.0,144,360,1,2,1,0,1,0,6216,43
60,1,1,0,0,2500,3796.0,120,360,1,2,1,0,0,0,6296,52
61,1,1,0,0,3029,0.0,99,360,1,2,0,0,0,1,3029,30
62,1,1,1,1,2609,3449.0,165,180,0,0,0,0,0,0,6058,36
63,1,1,0,0,4945,0.0,128,360,0,0,1,1,0,0,4945,38
64,0,0,0,0,4166,0.0,116,360,0,1,1,0,0,0,4166,35
65,1,1,0,0,5726,4595.0,258,360,1,1,1,0,0,0,10321,40
66,1,0,1,0,3200,2254.0,126,180,0,2,0,0,0,0,5454,43
67,1,1,0,0,10750,0.0,312,360,1,2,1,1,0,0,10750,34
68,1,1,1,1,7100,0.0,125,60,1,2,0,0,0,1,7100,56
69,0,0,0,0,4300,0.0,136,360,0,1,0,0,0,0,4300,31
70,1,1,0,0,3208,3066.0,172,360,1,2,1,0,0,0,6274,36
71,1,1,1,1,1875,1875.0,97,360,1,1,1,0,1,0,3750,38
72,1,0,0,0,3500,0.0,81,300,1,1,1,0,0,0,3500,43
73,1,1,1,0,4755,0.0,95,360,0,1,1,0,0,1,4755,50
74,1,1,0,1,5266,1774.0,187,360,1,1,1,0,0,1,7040,37
75,1,0,0,0,3750,0.0,113,480,1,2,1,0,0,0,3750,33
76,1,0,0,0,3750,4750.0,176,360,1,2,1,0,0,0,8500,48
77,1,1,0,1,1000,3022.0,110,360,1,2,1,1,0,0,4022,36
78,1,1,0,0,3167,4000.0,180,300,0,1,0,0,0,1,7167,39
79,1,1,1,1,3333,2166.0,130,360,2,1,1,0,0,1,5499,42
80,0,0,0,0,3846,0.0,111,360,1,1,1,0,0,0,3846,34
81,1,1,0,1,2395,0.0,128,360,1,1,0,1,0,0,2395,18
82,0,1,0,0,1378,1881.0,167,360,1,2,0,0,1,0,3259,19
83,1,1,0,0,6000,2250.0,265,360,2,1,0,0,0,0,8250,31
84,1,1,0,0,3988,0.0,50,240,1,2,1,1,0,0,3988,79
85,1,0,0,0,2366,2531.0,136,360,1,1,1,0,0,0,4897,36
86,1,1,1,0,3333,2000.0,99,360,2,1,1,0,1,0,5333,53
87,1,1,0,0,2500,2118.0,104,360,1,1,1,0,0,0,4618,44
88,1,0,0,0,8566,0.0,210,360,1,2,1,0,0,0,8566,40
89,1,1,0,0,5695,4167.0,175,360,1,1,1,0,0,0,9862,56
90,1,1,0,0,2958,2900.0,131,360,1,1,1,0,0,0,5858,44
91,1,1,0,0,6250,5654.0,188,180,1,1,0,0,1,0,11904,63
92,1,1,1,0,3273,1820.0,81,360,1,2,1,0,1,0,5093,62
93,1,0,0,0,4133,0.0,122,360,1,1,1,0,0,0,4133,33
94,1,0,1,0,3620,0.0,25,120,1,1,1,0,0,0,3620,144
95,1,0,0,0,6782,0.0,128,360,2,2,1,0,0,0,6782,52
96,0,1,0,0,2484,2302.0,137,360,1,1,1,0,0,0,4786,34
97,1,1,0,0,1977,997.0,50,360,1,1,1,0,0,0,2974,59
98,1,1,1,0,4188,0.0,115,180,1,1,0,0,0,0,4188,36
99,1,1,0,0,1759,3541.0,131,360,1,1,1,0,0,0,5300,40
100,1,1,1,0,4288,3263.0,133,180,1,2,0,0,1,0,7551,56
101,1,0,0,0,4843,3806.0,151,360,1,1,1,0,0,0,8649,57
102,1,1,0,0,13650,0.0,128,360,1,2,1,0,0,0,13650,106
103,1,1,0,0,4652,3583.0,128,360,1,1,1,0,0,0,8235,64
104,1,1,0,0,3816,754.0,160,360,1,2,0,0,0,0,4570,28
105,1,1,0,0,3052,1030.0,100,360,1,2,1,1,0,0,4082,40
106,1,1,0,0,11417,1126.0,225,360,1,2,1,0,1,0,12543,55
107,1,0,1,0,7333,0.0,120,360,1,0,1,0,0,0,7333,61
108,1,1,0,0,3800,3600.0,216,360,0,2,1,0,1,0,7400,34
109,1,1,1,0,2071,754.0,94,480,1,1,1,0,0,1,2825,30
110,1,0,0,0,5316,0.0,136,360,1,2,1,0,0,0,5316,39
111,0,1,0,0,2929,2333.0,139,360,1,1,1,0,0,0,5262,37
112,1,1,1,0,3572,4114.0,152,360,0,0,1,0,0,0,7686,50
113,0,0,0,1,7451,0.0,128,360,1,1,1,1,0,0,7451,58
114,1,0,0,0,5050,0.0,118,360,1,1,1,0,0,0,5050,42
115,1,1,0,0,14583,0.0,185,180,1,0,1,1,0,0,14583,78
116,0,1,0,0,3167,2283.0,154,360,1,1,1,0,0,0,5450,35
117,1,1,0,0,2214,1398.0,85,360,2,2,1,1,0,0,3612,42
118,1,1,0,0,5568,2142.0,175,360,1,0,1,0,0,0,7710,44
119,0,0,0,0,10408,0.0,259,360,1,2,1,0,0,0,10408,40
120,1,1,0,0,5667,2667.0,180,360,1,0,1,0,0,0,8334,46
121,0,0,0,0,4166,0.0,44,360,1,1,1,0,0,0,4166,94
122,0,0,0,0,2137,8980.0,137,360,0,1,1,0,0,0,11117,81
123,1,1,0,0,2957,0.0,81,360,1,1,1,0,1,0,2957,36
124,1,1,1,0,4300,2014.0,194,360,1,0,0,0,0,0,6314,32
125,0,0,0,0,3692,0.0,93,360,2,0,1,0,0,0,3692,39
126,1,1,0,0,23803,0.0,370,360,1,0,1,0,0,1,23803,64
127,1,0,0,0,3865,1640.0,128,360,1,0,1,0,0,0,5505,43
128,1,1,0,1,10513,3850.0,160,180,0,2,1,1,0,0,14363,89
129,1,1,0,0,6080,2569.0,182,360,2,0,1,0,0,0,8649,47
130,1,0,0,1,20166,0.0,650,480,2,2,1,0,0,0,20166,31
131,1,0,0,0,2014,1929.0,74,360,1,2,1,0,0,0,3943,53
132,1,0,0,0,2718,0.0,70,360,1,1,1,0,0,0,2718,38
133,1,1,0,1,3459,0.0,25,120,1,1,1,0,0,0,3459,138
134,1,0,0,0,4895,0.0,102,360,1,1,1,0,0,0,4895,47
135,1,1,0,0,4000,7750.0,290,360,1,1,1,0,0,1,11750,40
136,0,1,0,0,4583,0.0,84,360,1,0,1,0,0,0,4583,54
137,1,1,0,1,3316,3500.0,88,360,1,2,1,0,1,0,6816,77
138,1,0,0,0,14999,0.0,242,360,0,1,1,0,0,0,14999,61
139,1,1,1,0,4200,1430.0,129,360,1,0,1,0,1,0,5630,43
140,1,1,0,0,5042,2083.0,185,360,1,0,1,0,1,0,7125,38
141,1,0,0,0,5417,0.0,168,360,1,2,0,0,0,0,5417,32
142,1,0,0,1,6950,0.0,175,180,1,1,0,0,0,0,6950,39
143,1,1,0,0,2698,2034.0,122,360,1,1,1,0,0,0,4732,38
144,1,1,0,0,11757,0.0,187,180,1,2,0,0,1,0,11757,62
145,0,1,0,0,2330,4486.0,100,360,1,1,1,0,0,0,6816,68
146,0,1,0,0,14866,0.0,70,360,1,2,1,0,1,0,14866,212
147,1,1,0,0,1538,1425.0,30,360,1,2,1,1,0,0,2963,98
148,0,0,0,0,10000,1666.0,225,360,1,0,1,0,0,0,11666,51
149,1,1,0,0,4860,830.0,125,360,1,1,1,0,0,0,5690,45
150,1,0,0,0,6277,0.0,118,360,0,0,1,0,0,0,6277,53
151,1,1,0,1,2577,3750.0,152,360,1,0,1,0,0,0,6327,41
152,1,0,0,0,9166,0.0,244,360,1,2,1,0,0,0,9166,37
153,1,1,1,0,2281,0.0,113,360,1,0,0,0,1,0,2281,20
154,1,0,0,0,3254,0.0,50,360,1,2,1,0,0,0,3254,65
155,1,1,0,0,39999,0.0,600,180,0,1,0,0,0,1,39999,66
156,1,1,0,0,6000,0.0,160,360,2,0,1,1,0,0,6000,37
157,1,1,0,0,9538,0.0,187,360,1,2,1,1,0,0,9538,51
158,1,0,0,0,2980,2083.0,120,360,1,0,1,0,0,0,5063,42
159,1,1,0,0,4583,5625.0,255,360,1,1,1,0,0,0,10208,40
160,1,1,1,0,1863,1041.0,98,360,1,1,0,0,0,0,2904,29
161,1,1,0,0,7933,0.0,275,360,1,2,0,0,0,0,7933,28
162,1,1,0,0,3089,1280.0,121,360,0,1,1,1,0,0,4369,36
163,1,1,0,0,4167,1447.0,158,360,1,0,1,0,1,0,5614,35
164,1,1,0,0,9323,0.0,75,180,1,2,1,0,0,0,9323,124
165,1,1,0,0,3707,3166.0,182,360,1,0,1,0,0,0,6873,37
166,0,1,0,0,4583,0.0,112,360,1,0,1,0,0,0,4583,40
167,1,1,0,0,2439,3333.0,129,360,1,0,1,0,0,0,5772,44
168,1,0,0,0,2237,0.0,63,480,0,1,1,0,0,0,2237,35
169,1,1,0,0,8000,0.0,200,360,1,1,1,0,1,0,8000,40
170,1,1,1,0,1820,1769.0,95,360,1,0,1,0,0,0,3589,37
171,1,1,0,0,51763,0.0,700,300,1,2,1,0,0,1,51763,73
172,1,1,1,0,3522,0.0,81,180,1,0,0,0,0,1,3522,43
173,1,1,0,0,5708,5625.0,187,360,1,1,1,0,0,0,11333,60
174,1,1,1,1,4344,736.0,87,360,1,1,1,0,0,0,5080,58
175,1,1,0,0,3497,1964.0,116,360,1,0,1,0,0,0,5461,47
176,1,1,0,0,2045,1619.0,101,360,1,0,1,0,1,0,3664,36
177,1,1,0,0,5516,11300.0,495,360,0,1,1,0,0,1,16816,33
178,1,1,0,0,3750,0.0,116,360,1,1,0,1,0,0,3750,32
179,1,0,1,0,2333,1451.0,102,480,0,2,1,0,0,0,3784,37
180,1,1,0,0,6400,7250.0,180,360,0,2,1,1,0,0,13650,75
181,1,0,0,0,1916,5063.0,67,360,2,0,1,0,0,0,6979,104
182,1,1,0,0,4600,0.0,73,180,1,1,0,0,0,0,4600,63
183,1,1,0,0,33846,0.0,260,360,1,1,1,1,0,0,33846,130
184,0,1,0,0,3625,0.0,108,360,1,1,1,0,0,0,3625,33
185,1,1,0,1,39147,4750.0,120,360,1,1,1,0,0,0,43897,365
186,1,1,0,1,2178,0.0,66,300,0,0,0,1,0,0,2178,33
187,1,1,0,0,2383,2138.0,58,360,2,0,1,0,0,0,4521,77
188,1,1,0,1,674,5296.0,168,360,1,0,1,0,0,0,5970,35
189,1,1,0,0,9328,0.0,188,180,1,0,0,0,0,0,9328,49
190,1,0,1,0,4885,0.0,48,360,1,0,1,0,0,0,4885,101
191,1,0,0,0,12000,0.0,164,360,1,1,1,0,0,0,12000,73
192,1,1,1,0,6033,0.0,160,360,1,2,1,0,0,0,6033,37
193,1,0,0,0,3858,0.0,76,360,1,1,1,0,0,0,3858,50
194,1,0,0,0,4191,0.0,120,360,1,0,1,0,0,0,4191,34
195,1,1,0,0,3125,2583.0,170,360,1,1,1,1,0,0,5708,33
196,1,0,0,0,8333,3750.0,187,360,1,0,1,0,0,0,12083,64
197,0,0,1,0,1907,2365.0,120,360,1,2,1,0,0,0,4272,35
198,0,1,0,0,3416,2816.0,113,360,2,1,1,0,0,0,6232,55
199,1,0,0,1,11000,0.0,83,360,1,2,1,0,0,0,11000,132
200,1,1,1,0,2600,2500.0,90,360,1,1,1,1,0,0,5100,56
201,1,0,0,0,4923,0.0,166,360,0,1,0,0,1,0,4923,29
202,1,1,1,0,3992,0.0,128,180,1,2,0,0,0,1,3992,31
203,1,1,1,0,3500,1083.0,135,360,1,2,1,1,0,0,4583,33
204,1,1,1,0,3917,0.0,124,360,1,1,0,0,1,0,3917,31
205,0,0,1,0,4408,0.0,120,360,1,1,1,0,0,0,4408,36
206,0,0,0,0,3244,0.0,80,360,1,2,1,0,0,0,3244,40
207,1,0,1,0,3975,2531.0,55,360,1,0,1,0,0,0,6506,118
208,1,0,0,0,2479,0.0,59,360,1,2,1,0,0,0,2479,42
209,1,0,0,0,3418,0.0,127,360,1,1,0,0,0,0,3418,26
210,0,0,0,0,10000,0.0,214,360,1,1,1,0,0,0,10000,46
211,1,1,0,0,3430,1250.0,128,360,0,1,1,0,0,1,4680,36
212,1,1,0,1,7787,0.0,240,360,1,2,0,1,0,0,7787,32
213,1,1,1,1,5703,0.0,130,360,1,0,1,0,0,1,5703,43
214,1,1,0,0,3173,3021.0,137,360,1,2,1,0,0,0,6194,45
215,1,1,1,0,3850,983.0,100,360,1,1,1,0,0,1,4833,48
216,1,1,0,0,150,1800.0,135,360,1,0,0,0,0,0,1950,14
217,1,1,0,0,3727,1775.0,131,360,1,1,1,0,0,0,5502,42
218,1,1,0,0,5000,0.0,72,360,0,1,1,0,1,0,5000,69
219,0,1,0,0,4283,2383.0,127,360,2,1,1,0,1,0,6666,52
220,1,1,0,0,2221,0.0,60,360,0,2,1,0,0,0,2221,37
221,1,1,0,0,4009,1717.0,116,360,1,1,1,0,1,0,5726,49
222,1,0,0,0,2971,2791.0,144,360,1,1,1,0,0,0,5762,40
223,1,1,0,0,7578,1010.0,175,360,1,1,1,0,0,0,8588,49
224,1,1,0,0,6250,0.0,128,360,1,1,1,0,0,0,6250,48
225,1,1,0,0,3250,0.0,170,360,1,0,0,0,0,0,3250,19
226,1,1,1,1,4735,0.0,138,360,1,2,1,0,0,0,4735,34
227,1,1,0,0,6250,1695.0,210,360,1,1,1,0,1,0,7945,37
228,1,1,0,0,4758,0.0,158,480,1,1,1,0,0,0,4758,30
229,1,0,0,1,6400,0.0,200,360,1,0,0,0,0,0,6400,32
230,1,1,0,0,2491,2054.0,104,360,1,1,1,1,0,0,4545,43
231,1,1,0,0,3716,0.0,42,180,1,0,1,0,0,0,3716,88
232,1,0,1,0,3189,2598.0,120,360,1,0,1,0,0,0,5787,48
233,0,0,0,0,8333,0.0,280,360,1,1,0,0,0,0,8333,29
234,1,1,0,0,3155,1779.0,140,360,1,1,1,1,0,0,4934,35
235,1,1,0,0,5500,1260.0,170,360,1,0,1,1,0,0,6760,39
236,1,1,0,0,5746,0.0,255,360,2,2,0,0,0,0,5746,22
237,0,0,0,1,3463,0.0,122,360,2,2,0,0,0,0,3463,28
238,0,0,0,0,3812,0.0,112,360,1,0,1,1,0,0,3812,34
239,1,1,0,0,3315,0.0,96,360,1,1,1,1,0,0,3315,34
240,1,1,0,0,5819,5000.0,120,360,1,0,1,0,1,0,10819,90
241,1,1,1,0,2510,1983.0,140,180,1,2,0,1,0,0,4493,32
242,1,0,0,0,2965,5701.0,155,60,1,2,0,0,0,0,8666,55
243,1,1,0,1,6250,1300.0,108,360,1,0,1,0,1,0,7550,69
244,1,1,1,0,3406,4417.0,123,360,1,1,1,0,0,0,7823,63
245,1,0,0,1,6050,4333.0,120,180,1,2,1,0,0,0,10383,86
246,1,1,0,0,9703,0.0,112,360,1,2,1,0,1,0,9703,86
247,1,1,1,0,6608,0.0,137,180,1,2,0,1,0,0,6608,48
248,1,1,0,0,2882,1843.0,123,480,1,1,1,1,0,0,4725,38
249,1,1,0,0,1809,1868.0,90,360,1,2,1,0,0,0,3677,40
250,1,1,1,0,1668,3890.0,201,360,0,1,0,0,0,0,5558,27
251,0,0,0,0,3427,0.0,138,360,1,2,0,0,1,0,3427,24
252,1,0,1,1,2583,2167.0,104,360,1,0,1,0,0,0,4750,45
253,1,1,1,0,2661,7101.0,279,180,1,1,0,1,0,0,9762,34
254,1,0,0,1,16250,0.0,192,360,0,2,1,0,0,0,16250,84
255,0,0,0,0,3083,0.0,255,360,1,0,0,0,0,1,3083,12
256,1,0,1,0,6045,0.0,115,360,0,0,1,0,0,0,6045,52
257,1,1,0,0,5250,0.0,94,360,1,2,1,0,0,1,5250,55
258,1,1,0,0,14683,2100.0,304,360,1,0,1,0,0,0,16783,55
259,1,1,1,0,4931,0.0,128,360,2,1,1,0,0,1,4931,38
260,1,1,0,0,6083,4250.0,330,360,2,2,0,1,0,0,10333,31
261,1,0,0,0,2060,2209.0,134,360,1,1,0,0,0,0,4269,31
262,0,0,0,0,3481,0.0,155,36,1,1,0,1,0,0,3481,22
263,0,0,0,0,7200,0.0,120,360,1,0,1,0,0,0,7200,60
264,1,0,0,1,5166,0.0,128,360,1,1,1,0,0,0,5166,40
265,1,0,0,0,4095,3447.0,151,360,1,0,1,0,0,0,7542,49
266,1,1,0,0,4708,1387.0,150,360,1,1,1,0,1,0,6095,40
267,1,1,0,0,4333,1811.0,160,360,0,2,1,0,0,1,6144,38
268,0,0,0,0,3418,0.0,135,360,1,0,0,0,0,0,3418,25
269,0,0,0,0,2876,1560.0,90,360,1,2,1,1,0,0,4436,49
270,0,0,0,0,3237,0.0,30,360,1,2,1,0,0,0,3237,107
271,1,1,0,0,11146,0.0,136,360,1,2,1,0,0,0,11146,81
272,1,0,0,0,2833,1857.0,126,360,1,0,1,0,0,0,4690,37
273,1,1,0,0,2620,2223.0,150,360,1,1,0,0,0,0,4843,32
274,1,1,0,0,3900,0.0,90,360,1,1,1,0,1,0,3900,43
275,1,1,0,0,2750,1842.0,115,360,1,1,1,1,0,0,4592,39
276,1,1,0,0,3993,3274.0,207,360,1,1,1,0,0,0,7267,35
277,1,1,0,0,3103,1300.0,80,360,1,2,1,0,0,0,4403,55
278,1,1,0,0,14583,0.0,436,360,1,1,1,0,0,0,14583,33
279,0,1,1,0,4100,0.0,124,360,2,0,0,0,0,0,4100,33
280,1,0,1,1,4053,2426.0,158,360,0,2,1,1,0,0,6479,41
281,1,1,0,0,3927,800.0,112,360,1,1,1,0,0,0,4727,42
282,1,1,0,0,2301,985.7999877999998,78,180,1,2,0,0,1,0,3286,42
283,0,0,0,0,1811,1666.0,54,360,1,2,1,0,0,0,3477,64
284,1,1,0,0,20667,0.0,128,360,1,0,1,0,0,0,20667,161
285,1,0,0,0,3158,3053.0,89,360,1,0,1,0,0,0,6211,69
286,0,0,0,1,2600,1717.0,99,300,1,1,1,0,0,0,4317,43
287,1,1,0,0,3704,2000.0,120,360,1,0,1,0,0,0,5704,47
288,0,0,0,0,4124,0.0,115,360,1,1,1,0,0,0,4124,35
289,1,0,0,0,9508,0.0,187,360,1,0,1,0,0,0,9508,50
290,1,1,0,0,3075,2416.0,139,360,1,0,1,0,0,0,5491,39
291,1,1,0,0,4400,0.0,127,360,0,1,1,0,1,0,4400,34
292,1,1,0,0,3153,1560.0,134,360,1,2,1,0,1,0,4713,35
293,0,0,0,0,5417,0.0,143,480,0,2,1,0,0,0,5417,37
294,1,1,0,0,2383,3334.0,172,360,1,1,0,0,0,0,5717,33
295,1,1,0,0,4416,1250.0,110,360,1,2,1,0,0,1,5666,51
296,1,1,0,0,6875,0.0,200,360,1,1,1,1,0,0,6875,34
297,0,1,0,0,4666,0.0,135,360,1,2,1,1,0,0,4666,34
298,0,0,0,0,5000,2541.0,151,480,1,0,1,0,0,0,7541,49
299,1,1,0,0,2014,2925.0,113,360,1,2,1,1,0,0,4939,43
300,1,1,1,0,1800,2934.0,93,360,0,2,1,0,0,0,4734,50
301,1,1,1,0,2875,1750.0,105,360,1,1,1,0,0,0,4625,44
302,0,0,0,0,5000,0.0,132,360,1,0,1,0,0,0,5000,37
303,1,1,0,0,1625,1803.0,96,360,1,2,1,1,0,0,3428,35
304,1,0,0,0,4000,2500.0,140,360,1,0,1,0,0,0,6500,46
305,1,0,1,0,2000,0.0,128,360,1,2,0,0,0,0,2000,15
306,0,0,0,0,3762,1666.0,135,360,1,0,1,0,0,0,5428,40
307,0,0,0,0,2400,1863.0,104,360,0,2,1,0,0,0,4263,40
308,1,0,0,0,20233,0.0,480,360,1,0,1,0,0,0,20233,42
309,1,1,1,0,7667,0.0,185,360,2,0,1,0,1,0,7667,41
310,0,0,0,0,2917,0.0,84,360,1,1,1,0,0,0,2917,34
311,1,0,1,0,2927,2405.0,111,360,1,1,1,0,0,0,5332,48
312,0,0,0,0,2507,0.0,56,360,1,0,1,0,0,0,2507,44
313,1,1,0,1,5746,0.0,144,84,2,0,0,0,1,0,5746,39
314,1,1,0,0,2473,1843.0,159,360,1,0,0,0,0,0,4316,27
315,1,1,1,0,3399,1640.0,111,180,1,2,0,1,0,0,5039,45
316,1,1,0,0,3717,0.0,120,360,1,1,0,0,1,0,3717,30
317,1,1,0,0,2058,2134.0,88,360,2,2,1,0,0,0,4192,47
318,0,0,0,0,3541,0.0,112,360,2,1,0,1,0,0,3541,31
319,1,1,0,1,10000,0.0,155,360,1,0,1,1,0,0,10000,64
320,1,1,0,0,2400,2167.0,115,360,1,1,1,0,0,0,4567,39
321,1,1,0,0,4342,189.0,124,360,1,1,1,0,0,1,4531,36
322,1,1,1,0,3601,1590.0,128,360,1,0,1,0,1,0,5191,40
323,0,0,0,0,3166,2985.0,132,360,2,0,1,0,0,0,6151,46
324,1,1,0,0,15000,0.0,300,360,1,0,1,0,0,1,15000,50
325,1,1,0,1,8666,4983.0,376,360,0,0,1,1,0,0,13649,36
326,1,0,0,0,4917,0.0,130,360,0,0,1,0,0,0,4917,37
327,1,1,0,1,5818,2160.0,184,360,1,1,1,0,0,0,7978,43
328,0,1,0,0,4333,2451.0,110,360,1,2,1,0,0,0,6784,61
329,0,0,0,0,2500,0.0,67,360,1,2,1,0,0,0,2500,37
330,1,0,0,0,4384,1793.0,117,360,1,2,1,1,0,0,6177,52
331,1,0,0,0,2935,0.0,98,360,1,1,0,0,0,0,2935,29
332,1,0,0,0,2833,0.0,71,360,1,2,1,0,0,0,2833,39
333,1,1,0,0,63337,0.0,490,180,1,2,1,0,0,0,63337,129
334,1,1,0,1,9833,1833.0,182,180,1,2,0,1,0,0,11666,64
335,1,1,0,1,5503,4490.0,70,360,1,1,1,0,0,0,9993,142
336,1,1,0,0,5250,688.0,160,360,1,0,1,1,0,0,5938,37
337,1,1,0,1,2500,4600.0,176,360,1,0,1,0,1,0,7100,40
338,0,0,1,0,1830,0.0,128,360,0,2,0,0,0,1,1830,14
339,0,0,0,0,4160,0.0,71,360,1,1,1,0,0,0,4160,58
340,1,1,1,0,2647,1587.0,173,360,1,0,0,0,0,1,4234,24
341,0,0,0,0,2378,0.0,46,360,1,0,1,0,0,0,2378,51
342,1,1,1,0,4554,1229.0,158,360,1,2,1,1,0,0,5783,36
343,1,1,1,0,3173,0.0,74,360,1,1,1,0,0,1,3173,42
344,1,1,0,0,2583,2330.0,125,360,1,0,1,0,1,0,4913,39
345,1,1,0,0,2499,2458.0,160,360,1,1,0,0,0,0,4957,30
346,1,1,1,0,3523,3230.0,152,360,0,0,1,0,0,0,6753,44
347,1,1,1,0,3083,2168.0,126,360,1,2,1,0,1,0,5251,41
348,1,1,0,0,6333,4583.0,259,360,2,1,1,0,0,0,10916,42
349,1,1,0,0,2625,6250.0,187,360,1,0,1,0,0,0,8875,47
350,1,1,0,0,9083,0.0,228,360,1,1,1,0,0,0,9083,39
351,1,0,0,0,8750,4167.0,308,360,1,0,1,0,0,0,12917,41
352,1,1,0,0,2666,2083.0,95,360,1,0,1,0,0,1,4749,49
353,0,1,0,1,5500,0.0,105,360,0,0,1,0,0,0,5500,52
354,0,1,0,0,2423,505.0,130,360,1,1,0,0,0,0,2928,22
355,0,0,0,0,3813,0.0,116,180,1,2,0,0,0,0,3813,32
356,1,1,0,0,8333,3167.0,165,360,1,0,1,0,1,0,11500,69
357,1,1,0,0,3875,0.0,67,360,1,2,1,1,0,0,3875,57
358,1,1,1,0,3000,1666.0,100,480,0,2,1,0,0,0,4666,46
359,1,1,0,0,5167,3167.0,200,360,1,1,1,0,0,1,8334,41
360,0,0,0,0,4723,0.0,81,360,1,1,1,1,0,0,4723,58
361,1,1,0,0,5000,3667.0,236,360,1,1,1,0,1,0,8667,36
362,1,1,0,0,4750,2333.0,130,360,1,2,1,0,0,0,7083,54
363,1,1,0,0,3013,3033.0,95,300,2,2,1,0,0,0,6046,63
364,1,0,0,1,6822,0.0,141,360,1,0,1,0,0,0,6822,48
365,1,0,1,0,6216,0.0,133,360,1,0,1,0,0,0,6216,46
366,1,0,0,0,2500,0.0,96,480,1,1,1,0,0,0,2500,26
367,1,0,0,0,5124,0.0,124,360,0,0,1,0,0,0,5124,41
368,1,1,0,0,6325,0.0,175,360,1,1,1,1,0,0,6325,36
369,1,1,0,0,19730,5266.0,570,360,1,0,1,0,0,0,24996,43
370,0,0,0,1,15759,0.0,55,360,1,1,1,0,0,0,15759,286
371,1,1,0,0,5185,0.0,155,360,1,1,1,0,1,0,5185,33
372,1,1,0,1,9323,7873.0,380,300,1,0,1,0,1,0,17196,45
373,1,0,0,0,3062,1987.0,111,180,0,2,0,1,0,0,5049,45
374,0,0,0,0,2764,1459.0,110,360,1,2,1,0,0,0,4223,38
375,1,1,0,0,4817,923.0,120,180,1,2,0,0,0,0,5740,47
376,1,1,0,0,8750,4996.0,130,360,1,0,1,0,0,1,13746,105
377,1,1,0,0,4310,0.0,130,360,2,1,0,0,0,0,4310,33
378,1,0,0,0,3069,0.0,71,480,1,2,1,0,0,0,3069,43
379,1,1,0,0,5391,0.0,130,360,1,2,1,0,1,0,5391,41
380,1,1,0,0,3333,2500.0,128,360,1,1,1,0,0,0,5833,45
381,1,0,0,0,5941,4232.0,296,360,1,1,1,0,0,0,10173,34
382,0,0,0,0,6000,0.0,156,360,1,2,1,0,0,0,6000,38
383,1,0,0,1,7167,0.0,128,360,1,2,1,0,0,0,7167,55
384,1,1,0,0,4566,0.0,100,360,1,2,1,0,1,0,4566,45
385,1,0,0,0,3667,0.0,113,180,1,2,0,1,0,0,3667,32
386,1,0,1,0,2346,1600.0,132,360,1,1,0,0,0,0,3946,29
387,1,1,1,0,3010,3136.0,128,360,0,2,1,0,0,0,6146,48
388,1,1,0,0,2333,2417.0,136,360,1,2,1,0,0,0,4750,34
389,1,1,0,0,5488,0.0,125,360,1,0,1,0,0,0,5488,43
390,1,0,0,0,9167,0.0,185,360,1,0,1,0,0,1,9167,49
391,1,1,0,0,9504,0.0,275,360,1,0,1,0,0,1,9504,34
392,1,1,0,0,2583,2115.0,120,360,2,2,1,0,0,0,4698,39
393,1,1,1,0,1993,1625.0,113,180,1,1,0,0,1,0,3618,32
394,1,1,0,0,3100,1400.0,113,360,1,2,1,0,1,0,4500,39
395,1,1,0,0,3276,484.0,135,360,2,1,0,0,1,0,3760,27
396,0,0,0,0,3180,0.0,71,360,0,2,1,0,0,0,3180,44
397,1,1,0,0,3033,1459.0,95,360,1,2,1,0,0,0,4492,47
398,1,0,1,0,3902,1666.0,109,360,1,0,1,0,0,0,5568,51
399,0,0,0,0,1500,1800.0,103,360,0,1,0,0,0,0,3300,32
400,1,1,1,0,2889,0.0,45,180,0,2,0,0,1,0,2889,64
401,1,0,1,0,2755,0.0,65,300,1,0,1,0,0,0,2755,42
402,1,0,0,0,2500,20000.0,103,360,1,1,1,0,0,0,22500,218
403,0,0,1,0,1963,0.0,53,360,1,1,1,0,0,0,1963,37
404,0,0,0,1,7441,0.0,194,360,1,0,1,0,0,0,7441,38
405,0,0,0,0,4547,0.0,115,360,1,1,1,0,0,0,4547,39
406,1,1,1,0,2167,2400.0,115,360,1,2,1,0,0,0,4567,39
407,0,0,1,0,2213,0.0,66,360,1,0,1,0,0,0,2213,33
408,1,1,0,0,8300,0.0,152,300,0,1,1,1,0,0,8300,54
409,1,1,0,0,81000,0.0,360,360,0,0,1,0,0,1,81000,225
410,0,0,1,1,3867,0.0,62,360,1,1,1,1,0,0,3867,62
411,1,1,0,0,6256,0.0,160,360,2,2,1,0,0,0,6256,39
412,1,1,1,0,6096,0.0,218,360,0,0,0,0,0,0,6096,27
413,1,1,1,0,2253,2033.0,110,360,1,0,1,0,0,0,4286,38
414,0,1,1,0,2149,3237.0,178,360,0,1,0,0,0,0,5386,30
415,0,0,0,0,2995,0.0,60,360,1,2,1,0,0,0,2995,49
416,0,0,0,0,2600,0.0,160,360,1,2,0,1,0,0,2600,16
417,1,1,0,1,1600,20000.0,239,360,1,2,1,0,1,0,21600,90
418,1,1,0,0,1025,2773.0,112,360,1,0,1,0,0,0,3798,33
419,1,1,0,0,3246,1417.0,138,360,1,1,1,0,0,0,4663,33
420,1,1,0,0,5829,0.0,138,360,1,0,1,0,0,0,5829,42
421,0,0,1,0,2720,0.0,80,360,0,2,1,0,0,0,2720,34
422,1,1,0,0,1820,1719.0,100,360,1,2,1,0,0,0,3539,35
423,1,1,0,0,7250,1667.0,110,360,0,2,1,1,0,0,8917,81
424,1,1,0,0,14880,0.0,96,360,1,1,1,0,0,0,14880,155
425,1,1,0,0,2666,4300.0,121,360,1,0,1,0,0,0,6966,57
426,0,0,1,0,4606,0.0,81,360,1,0,1,1,0,0,4606,56
427,1,1,0,0,5935,0.0,133,360,1,1,1,0,1,0,5935,44
428,1,1,0,0,2920,16.12000084,87,360,1,0,1,0,0,0,2936,33
429,1,0,1,0,2717,0.0,60,180,1,2,0,0,0,0,2717,45
430,0,0,0,1,8624,0.0,150,360,1,1,1,1,0,0,8624,57
431,1,0,0,0,6500,0.0,105,360,0,0,1,0,0,0,6500,61
432,1,0,0,0,12876,0.0,405,360,1,1,0,0,0,0,12876,31
433,1,1,0,0,2425,2340.0,143,360,1,1,0,0,0,0,4765,33
434,1,0,0,0,3750,0.0,100,360,1,2,1,0,0,0,3750,37
435,0,1,0,0,10047,0.0,128,240,1,1,1,0,0,0,10047,78
436,1,0,0,0,1926,1851.0,50,360,1,1,1,0,0,0,3777,75
437,1,1,0,0,2213,1125.0,128,360,1,2,0,0,0,0,3338,26
438,1,0,0,1,10416,0.0,187,360,0,2,1,0,0,0,10416,55
439,0,1,1,1,7142,0.0,138,360,1,0,1,0,0,0,7142,51
440,1,0,0,0,3660,5064.0,187,360,1,1,1,0,0,0,8724,46
441,1,1,0,0,7901,1833.0,180,360,1,0,1,0,0,0,9734,54
442,1,0,1,0,4707,1993.0,148,360,1,1,1,0,0,1,6700,45
443,1,0,0,0,37719,0.0,152,360,1,1,1,1,0,0,37719,248
444,1,1,0,0,7333,8333.0,175,300,2,0,1,0,0,0,15666,89
445,1,1,0,1,3466,1210.0,130,360,1,0,1,1,0,0,4676,35
446,1,1,1,0,4652,0.0,110,360,1,0,1,0,1,0,4652,42
447,1,1,0,0,3539,1376.0,55,360,1,0,1,0,0,0,4915,89
448,1,1,0,0,3340,1710.0,150,360,0,0,1,0,1,0,5050,33
449,1,0,1,1,2769,1542.0,190,360,2,1,0,1,0,0,4311,22
450,1,1,1,0,2309,1255.0,125,360,0,0,0,0,1,0,3564,28
451,1,1,1,0,1958,1456.0,60,300,2,2,1,0,1,0,3414,56
452,1,1,0,0,3948,1733.0,149,360,0,0,1,0,0,0,5681,38
453,1,1,0,0,2483,2466.0,90,180,0,0,0,0,0,0,4949,54
454,1,0,0,1,7085,0.0,84,360,1,1,1,0,0,0,7085,84
455,1,1,0,0,3859,0.0,96,360,1,1,1,0,1,0,3859,40
456,1,1,0,0,4301,0.0,118,360,1,2,1,0,0,0,4301,36
457,1,1,0,0,3708,2569.0,173,360,1,2,1,0,0,0,6277,36
458,1,0,0,0,4354,0.0,136,360,1,0,0,0,1,0,4354,32
459,1,1,0,0,8334,0.0,160,360,1,1,1,0,0,0,8334,52
460,1,1,0,1,2083,4083.0,160,360,2,1,1,0,0,0,6166,38
461,1,1,0,0,7740,0.0,128,180,1,2,0,0,0,1,7740,60
462,1,1,0,0,3015,2188.0,153,360,1,0,1,0,0,0,5203,34
463,0,0,1,0,5191,0.0,132,360,1,1,1,1,0,0,5191,39
464,1,0,0,0,4166,0.0,98,360,0,1,1,0,0,0,4166,42
465,1,0,0,0,6000,0.0,140,360,1,0,1,0,0,0,6000,42
466,1,1,1,0,2947,1664.0,70,180,0,2,0,0,0,1,4611,65
467,1,1,0,0,16692,0.0,110,360,1,1,1,0,0,0,16692,151
468,0,1,1,0,210,2917.0,98,360,1,1,0,0,1,0,3127,31
469,1,1,0,0,4333,2451.0,110,360,1,2,1,0,0,0,6784,61
470,1,1,0,1,3450,2079.0,162,360,1,1,1,1,0,0,5529,34
471,1,1,1,0,2653,1500.0,113,180,0,0,0,1,0,0,4153,36
472,1,1,0,0,4691,0.0,100,360,1,1,1,0,0,1,4691,46
473,0,0,0,1,2500,0.0,93,360,2,2,0,0,0,0,2500,26
474,1,0,0,0,5532,4648.0,162,360,1,0,1,0,1,0,10180,62
475,1,1,0,1,16525,1014.0,150,360,1,0,1,0,1,0,17539,116
476,1,1,0,0,6700,1750.0,230,300,1,1,0,0,1,0,8450,36
477,1,1,0,0,2873,1872.0,132,360,0,1,1,0,1,0,4745,35
478,1,1,0,1,16667,2250.0,86,360,1,1,1,1,0,0,18917,219
479,1,1,0,0,2947,1603.0,128,360,1,2,1,0,1,0,4550,35
480,0,0,1,0,4350,0.0,154,360,1,0,0,0,0,0,4350,28
481,1,1,1,0,3095,0.0,113,360,1,0,0,0,0,1,3095,27
482,1,1,0,0,2083,3150.0,128,360,1,1,1,0,0,0,5233,40
483,1,1,0,0,10833,0.0,234,360,1,1,1,0,0,0,10833,46
484,1,1,0,0,8333,0.0,246,360,1,1,1,0,1,0,8333,33
485,1,1,1,0,1958,2436.0,131,360,1,0,1,1,0,0,4394,33
486,1,0,0,0,3547,0.0,80,360,0,0,1,0,1,0,3547,44
487,1,1,0,0,18333,0.0,500,360,1,2,1,1,0,0,18333,36
488,1,1,0,1,4583,2083.0,160,360,1,1,1,0,1,0,6666,41
489,1,0,0,0,2435,0.0,75,360,1,2,0,0,0,0,2435,32
490,1,0,1,0,2699,2785.0,96,360,2,1,1,0,0,0,5484,57
491,1,1,1,0,5333,1131.0,186,360,2,2,1,1,0,0,6464,34
492,1,0,1,0,3691,0.0,110,360,1,0,1,0,0,0,3691,33
493,0,0,1,1,17263,0.0,225,360,1,1,1,0,0,0,17263,76
494,1,1,0,0,3597,2157.0,119,360,0,0,1,0,0,0,5754,48
495,0,1,0,0,3326,913.0,105,84,1,1,0,1,0,0,4239,40
496,1,1,1,0,2600,1700.0,107,360,1,0,1,0,0,0,4300,40
497,1,1,0,0,4625,2857.0,111,12,2,2,0,0,0,0,7482,67
498,1,1,0,1,2895,0.0,95,360,1,1,0,1,0,0,2895,30
499,1,0,0,0,6283,4416.0,209,360,0,0,1,0,0,0,10699,51
500,0,0,0,0,645,3683.0,113,480,1,0,1,0,0,0,4328,38
501,0,0,0,0,3159,0.0,100,360,1,1,0,0,0,0,3159,31
502,1,1,0,0,4865,5624.0,208,360,1,1,1,0,1,0,10489,50
503,1,1,1,0,4050,5302.0,138,360,2,0,1,1,0,0,9352,67
504,1,1,1,0,3814,1483.0,124,300,1,1,1,0,0,0,5297,42
505,1,1,0,0,3510,4416.0,243,360,1,0,0,0,1,0,7926,32
506,1,1,0,0,20833,6667.0,480,360,2,2,1,0,0,0,27500,57
507,1,0,0,0,3583,0.0,96,360,1,2,1,0,0,0,3583,37
508,1,1,0,1,2479,3013.0,188,360,1,2,0,0,0,0,5492,29
509,0,0,0,0,13262,0.0,40,360,1,2,1,1,0,0,13262,331
510,1,0,1,0,3598,1287.0,100,360,1,0,1,0,0,0,4885,48
511,1,1,0,0,6065,2004.0,250,360,1,1,0,1,0,0,8069,32
512,1,1,0,0,3283,2035.0,148,360,1,2,1,0,1,0,5318,35
513,1,1,0,0,2130,6666.0,70,180,1,1,1,0,0,0,8796,125
514,1,0,0,0,5815,3666.0,311,360,1,0,0,0,0,0,9481,30
515,1,1,0,0,3466,3428.0,150,360,1,0,1,0,0,1,6894,45
516,0,1,0,0,2031,1632.0,113,480,1,1,1,0,1,0,3663,32
517,1,1,1,0,3074,1800.0,123,360,0,1,1,0,0,0,4874,39
518,1,0,0,0,4683,1915.0,185,360,1,1,1,0,0,0,6598,35
519,0,0,1,0,3400,0.0,95,360,1,0,1,0,0,0,3400,35
520,1,1,1,0,2192,1742.0,45,360,1,1,1,0,1,0,3934,87
521,1,0,0,0,2500,0.0,55,360,1,1,1,0,0,0,2500,45
522,1,1,0,1,5677,1424.0,100,360,1,0,1,0,0,1,7101,71
523,1,1,0,1,7948,7166.0,480,360,1,0,0,0,1,0,15114,31
524,1,0,0,0,4680,2087.0,128,360,1,1,1,0,0,0,6767,52
525,1,1,0,1,17500,0.0,400,360,1,0,1,0,1,0,17500,43
526,1,1,0,0,3775,0.0,110,360,1,1,1,0,0,0,3775,34
527,1,1,1,0,5285,1430.0,161,360,0,1,1,1,0,0,6715,41
528,1,0,1,0,2679,1302.0,94,360,1,1,1,1,0,0,3981,42
529,1,0,1,0,6783,0.0,130,360,1,1,1,0,0,0,6783,52
530,1,1,0,0,1025,5500.0,216,360,2,0,0,0,0,0,6525,30
531,1,1,0,0,4281,0.0,100,360,1,2,1,0,0,1,4281,42
532,1,0,0,0,3588,0.0,110,360,0,0,0,0,1,0,3588,32
533,1,0,0,0,11250,0.0,196,360,2,1,1,1,0,0,11250,57
534,0,0,1,1,18165,0.0,125,360,1,2,1,0,0,0,18165,145
535,1,0,1,0,2550,2042.0,126,360,1,0,1,0,0,0,4592,36
536,1,1,0,0,6133,3906.0,324,360,1,2,0,0,0,0,10039,30
537,1,0,0,0,3617,0.0,107,360,1,1,1,0,1,0,3617,33
538,1,1,1,0,2917,536.0,66,360,1,0,1,0,0,0,3453,52
539,1,1,0,0,6417,0.0,157,180,1,0,0,0,0,1,6417,40
540,0,1,0,0,4608,2845.0,140,180,1,1,0,1,0,0,7453,53
541,0,0,0,0,2138,0.0,99,360,0,1,0,0,0,0,2138,21
542,0,0,0,0,3652,0.0,95,360,1,1,1,1,0,0,3652,38
543,1,1,1,0,2239,2524.0,128,360,1,2,1,1,0,0,4763,37
544,0,1,1,0,3017,663.0,102,360,2,1,1,0,0,0,3680,36
545,1,1,0,0,2768,1950.0,155,360,1,0,0,0,0,0,4718,30
546,1,0,1,0,3358,0.0,80,36,1,1,0,0,0,0,3358,41
547,1,0,0,0,2526,1783.0,145,360,1,0,0,0,0,0,4309,29
548,0,0,0,0,5000,0.0,103,360,0,1,1,0,0,0,5000,48
549,1,1,0,0,2785,2016.0,110,360,1,0,1,0,0,0,4801,43
550,1,1,0,1,6633,0.0,128,360,0,0,1,0,1,0,6633,51
551,1,1,1,0,2492,2375.0,128,360,1,0,1,1,0,0,4867,38
552,1,1,0,0,3333,3250.0,158,360,1,2,1,1,0,0,6583,41
553,1,1,1,0,2454,2333.0,181,360,0,2,0,0,0,0,4787,26
554,1,1,0,0,3593,4266.0,132,180,0,0,0,0,0,0,7859,59
555,1,1,0,0,5468,1032.0,26,360,1,1,1,1,0,0,6500,250
556,0,0,0,0,2667,1625.0,84,360,2,2,1,0,0,0,4292,51
557,1,1,0,1,10139,0.0,260,360,1,1,1,0,0,1,10139,38
558,1,1,0,0,3887,2669.0,162,360,1,1,1,0,0,0,6556,40
559,0,1,0,0,4180,2306.0,182,360,1,1,1,0,0,0,6486,35
560,1,1,1,0,3675,242.0,108,360,1,1,1,0,1,0,3917,36
561,0,1,0,1,19484,0.0,600,360,1,1,0,1,0,0,19484,32
562,1,1,0,0,5923,2054.0,211,360,1,0,1,0,0,0,7977,37
563,1,0,1,1,5800,0.0,132,360,1,1,1,0,0,0,5800,43
564,1,1,0,0,8799,0.0,258,360,0,2,1,0,1,0,8799,34
565,1,1,1,0,4467,0.0,120,360,2,0,1,0,0,0,4467,37
566,1,0,0,0,3333,0.0,70,360,1,2,1,0,0,0,3333,47
567,1,1,0,0,3400,2500.0,123,360,0,0,1,0,0,1,5900,47
568,0,0,0,0,2378,0.0,9,360,1,2,1,0,0,0,2378,264
569,1,1,0,0,3166,2064.0,104,360,0,2,1,0,0,0,5230,50
570,1,1,0,0,3417,1750.0,186,360,1,2,0,1,0,0,5167,27
571,1,1,0,0,5116,1451.0,165,360,0,2,1,0,0,0,6567,39
572,1,1,0,0,16666,0.0,275,360,1,2,1,0,1,0,16666,60
573,1,1,1,0,6125,1625.0,187,480,1,1,1,0,1,0,7750,41
574,1,1,0,0,6406,0.0,150,360,1,1,1,0,0,1,6406,42
575,1,1,0,0,3159,461.0,108,84,1,2,0,0,1,0,3620,33
576,1,1,0,0,3087,2210.0,136,360,0,1,1,0,0,0,5297,38
577,1,0,0,0,3229,2739.0,110,360,1,2,1,0,0,0,5968,54
578,1,1,0,0,1782,2232.0,107,360,1,0,1,1,0,0,4014,37
579,1,0,0,0,3182,2917.0,161,360,1,2,1,0,0,0,6099,37
580,1,1,0,0,6540,0.0,205,360,1,1,0,0,1,0,6540,31
581,1,0,0,0,1836,33837.0,90,360,1,2,1,0,0,0,35673,396
582,0,1,0,0,3166,0.0,36,360,1,1,1,0,0,0,3166,87
583,1,1,0,0,1880,0.0,61,360,2,0,0,1,0,0,1880,30
584,1,1,0,0,2787,1917.0,146,360,0,0,0,1,0,0,4704,32
585,1,1,0,0,4283,3000.0,172,84,1,0,0,1,0,0,7283,42
586,1,1,0,0,2297,1522.0,104,360,1,2,1,0,0,0,3819,36
587,0,0,1,0,2165,0.0,70,360,1,1,0,0,0,0,2165,30
588,1,0,0,0,4750,0.0,94,360,1,1,1,0,0,0,4750,50
589,1,1,0,1,2726,0.0,106,360,0,1,0,0,1,0,2726,25
590,1,1,0,0,3000,3416.0,56,180,1,1,1,0,0,0,6416,114
591,1,1,0,1,6000,0.0,205,240,1,1,0,0,1,0,6000,29
592,1,0,0,1,9357,0.0,292,360,1,1,0,0,0,1,9357,32
593,1,1,0,0,3859,3300.0,142,180,1,0,0,0,0,0,7159,50
594,1,1,0,1,16120,0.0,260,360,1,2,1,0,0,0,16120,62
595,1,0,1,0,3833,0.0,110,360,1,0,1,0,0,0,3833,34
596,1,1,1,1,6383,1000.0,187,360,1,0,1,0,1,0,7383,39
597,1,0,0,0,2987,0.0,88,360,0,1,1,0,0,0,2987,33
598,1,1,0,1,9963,0.0,180,360,1,0,1,0,0,0,9963,55
599,1,1,0,0,5780,0.0,192,360,1,2,0,0,1,0,5780,30
600,0,0,0,0,416,41667.0,350,180,2,2,1,0,0,1,42083,120
601,1,1,1,0,2894,2792.0,155,360,1,0,1,0,0,0,5686,36
602,1,1,0,0,5703,0.0,128,360,1,2,1,0,0,1,5703,44
603,1,0,0,0,3676,4301.0,172,360,1,0,1,0,0,0,7977,46
604,0,1,0,0,12000,0.0,496,360,1,1,0,1,0,0,12000,24
605,1,1,1,0,2400,3800.0,128,180,1,2,0,0,0,0,6200,48
606,1,1,0,0,3400,2500.0,173,360,1,1,1,1,0,0,5900,34
607,1,1,1,0,3987,1411.0,157,360,1,0,1,0,1,0,5398,34
608,1,1,0,0,3232,1950.0,108,360,1,0,1,0,0,0,5182,47
609,0,0,0,0,2900,0.0,71,360,1,0,1,0,0,0,2900,40
610,1,1,0,0,4106,0.0,40,180,1,0,1,0,0,1,4106,102
611,1,1,0,0,8072,240.0,253,360,1,2,0,1,0,0,8312,32
612,1,1,0,0,7583,0.0,187,360,1,2,1,0,1,0,7583,40
613,0,0,0,1,4583,0.0,133,360,0,1,1,0,0,0,4583,34
